date,stars,repo
2026-03-30,11,Lingtai-AI/lingtai
2026-03-31,22,Lingtai-AI/lingtai
2026-04-01,24,Lingtai-AI/lingtai
2026-04-02,26,Lingtai-AI/lingtai
2026-04-03,27,Lingtai-AI/lingtai
2026-04-04,27,Lingtai-AI/lingtai
2026-04-05,28,Lingtai-AI/lingtai
2026-04-06,29,Lingtai-AI/lingtai
2026-04-07,30,Lingtai-AI/lingtai
2026-04-08,30,Lingtai-AI/lingtai
2026-04-09,31,Lingtai-AI/lingtai
2026-04-10,32,Lingtai-AI/lingtai
2026-04-11,33,Lingtai-AI/lingtai
2026-04-12,33,Lingtai-AI/lingtai
2026-04-13,34,Lingtai-AI/lingtai
2026-04-14,36,Lingtai-AI/lingtai
2026-04-15,38,Lingtai-AI/lingtai
2026-04-16,40,Lingtai-AI/lingtai
2026-04-17,40,Lingtai-AI/lingtai
2026-04-18,40,Lingtai-AI/lingtai
2026-04-19,40,Lingtai-AI/lingtai
2026-04-20,40,Lingtai-AI/lingtai
2026-04-21,40,Lingtai-AI/lingtai
2026-04-22,40,Lingtai-AI/lingtai
2026-04-23,41,Lingtai-AI/lingtai
2026-04-24,42,Lingtai-AI/lingtai
2026-04-25,45,Lingtai-AI/lingtai
2026-04-26,46,Lingtai-AI/lingtai
2026-04-27,46,Lingtai-AI/lingtai
2026-04-28,47,Lingtai-AI/lingtai
2026-04-29,48,Lingtai-AI/lingtai
2026-04-30,49,Lingtai-AI/lingtai
2026-05-01,50,Lingtai-AI/lingtai
2026-05-02,50,Lingtai-AI/lingtai
2026-05-03,50,Lingtai-AI/lingtai
2026-05-04,50,Lingtai-AI/lingtai
2026-05-05,50,Lingtai-AI/lingtai
2026-05-06,51,Lingtai-AI/lingtai
2026-05-07,51,Lingtai-AI/lingtai
2026-05-08,52,Lingtai-AI/lingtai
2026-05-09,54,Lingtai-AI/lingtai
2026-05-10,56,Lingtai-AI/lingtai
2026-05-11,56,Lingtai-AI/lingtai
2026-05-12,58,Lingtai-AI/lingtai
2026-05-13,62,Lingtai-AI/lingtai
2026-05-14,62,Lingtai-AI/lingtai
2026-05-15,67,Lingtai-AI/lingtai
2026-05-16,68,Lingtai-AI/lingtai
2026-05-17,69,Lingtai-AI/lingtai
2026-05-18,70,Lingtai-AI/lingtai
2026-05-19,71,Lingtai-AI/lingtai
2026-05-20,73,Lingtai-AI/lingtai
2026-05-21,73,Lingtai-AI/lingtai
2026-05-22,75,Lingtai-AI/lingtai
2026-05-23,77,Lingtai-AI/lingtai
2026-05-24,83,Lingtai-AI/lingtai
2026-05-25,87,Lingtai-AI/lingtai
2026-05-26,95,Lingtai-AI/lingtai
2026-05-27,96,Lingtai-AI/lingtai
2026-05-28,97,Lingtai-AI/lingtai
2026-05-29,98,Lingtai-AI/lingtai
2026-05-30,101,Lingtai-AI/lingtai
2026-05-31,102,Lingtai-AI/lingtai
2026-06-01,105,Lingtai-AI/lingtai
2026-06-02,106,Lingtai-AI/lingtai
2026-06-03,108,Lingtai-AI/lingtai
2026-06-04,124,Lingtai-AI/lingtai
2026-06-05,152,Lingtai-AI/lingtai
2026-06-06,165,Lingtai-AI/lingtai
2026-06-07,177,Lingtai-AI/lingtai
2026-06-08,202,Lingtai-AI/lingtai
2026-06-09,215,Lingtai-AI/lingtai
2026-06-10,250,Lingtai-AI/lingtai
2026-06-11,255,Lingtai-AI/lingtai
2026-06-12,283,Lingtai-AI/lingtai
2026-06-13,304,Lingtai-AI/lingtai
2026-06-14,334,Lingtai-AI/lingtai
2026-06-15,367,Lingtai-AI/lingtai
2026-06-16,371,Lingtai-AI/lingtai
